statefip,immig_status,n,population,state_abb
1,Illegal immigrants,78,136509.62361455197,AL
1,Legal immigrants,82,124009.86,AL
1,Native-born citizens,2561,4797166.16,AL
2,Illegal immigrants,15,6168.111702163388,AK
2,Legal immigrants,88,38749.01,AK
2,Native-born citizens,1500,676736.33,AK
4,Illegal immigrants,123,380570.60972418054,AZ
4,Legal immigrants,351,904092.61,AZ
4,Native-born citizens,1967,6310331.36,AZ
5,Illegal immigrants,87,83197.76095062561,AR
5,Legal immigrants,83,77725.28,AR
5,Native-born citizens,2475,2860531.07,AR
6,Illegal immigrants,1147,3183546.6957742744,CA
6,Legal immigrants,2967,7919984.76,CA
6,Native-born citizens,9471,28542699.97,CA
8,Illegal immigrants,106,335916.7029537186,CO
8,Legal immigrants,143,409253.82,CO
8,Native-born citizens,1631,5173149.38,CO
9,Illegal immigrants,64,141477.20451925666,CT
9,Legal immigrants,193,433600.67,CT
9,Native-born citizens,1276,3093042.19,CT
10,Illegal immigrants,56,37196.058004505525,DE
10,Legal immigrants,140,84571.88,DE
10,Native-born citizens,1423,925007.14,DE
11,Illegal immigrants,95,30816.332367621577,DC
11,Legal immigrants,254,77391.59,DC
11,Native-born citizens,1694,594172.58,DC
12,Illegal immigrants,470,1591802.2340974573,FL
12,Legal immigrants,1328,4005703.3,FL
12,Native-born citizens,4919,17998197.41,FL
13,Illegal immigrants,199,589878.7650982557,GA
13,Legal immigrants,304,974593.16,GA
13,Native-born citizens,2930,9594456.73,GA
15,Illegal immigrants,75,43813.421486755724,HI
15,Legal immigrants,470,234643.93,HI
15,Native-born citizens,1977,1138186.16,HI
16,Illegal immigrants,67,43471.46872884682,ID
16,Legal immigrants,120,80919.34,ID
16,Native-born citizens,2373,1852289.34,ID
17,Illegal immigrants,187,595536.5062480823,IL
17,Legal immigrants,474,1493145.51,IL
17,Native-born citizens,3006,10599182.16,IL
18,Illegal immigrants,75,245974.8322965722,IN
18,Legal immigrants,144,429465.02,IN
18,Native-born citizens,1980,6201195.01,IN
19,Illegal immigrants,69,120305.92671110011,IA
19,Legal immigrants,125,191943.58,IA
19,Native-born citizens,1506,2943095.76,IA
20,Illegal immigrants,60,87864.2863997005,KS
20,Legal immigrants,108,162089.81,KS
20,Native-born citizens,1563,2722052.16,KS
21,Illegal immigrants,33,98760.49123883422,KY
21,Legal immigrants,47,122961.55,KY
21,Native-born citizens,1420,4364778.19,KY
22,Illegal immigrants,85,144853.64957984892,LA
22,Legal immigrants,125,164287.69,LA
22,Native-born citizens,2980,4262488.81,LA
23,Illegal immigrants,2,14619.81456580006,ME
23,Legal immigrants,32,43226.6,ME
23,Native-born citizens,928,1342815.6,ME
24,Illegal immigrants,105,372803.0545136382,MD
24,Legal immigrants,278,946534.62,MD
24,Native-born citizens,1324,4940627.65,MD
25,Illegal immigrants,159,363298.3999680552,MA
25,Legal immigrants,555,1150348.91,MA
25,Native-born citizens,2417,5585061.75,MA
26,Illegal immigrants,47,179594.5604696771,MI
26,Legal immigrants,251,793956.29,MI
26,Native-born citizens,2488,9079586.43,MI
27,Illegal immigrants,51,158311.6218817703,MN
27,Legal immigrants,119,362679.44,MN
27,Native-born citizens,1543,5294788.68,MN
28,Illegal immigrants,50,46877.014325969176,MS
28,Legal immigrants,43,43695.67,MS
28,Native-born citizens,2363,2837633.18,MS
29,Illegal immigrants,47,159552.5915229786,MO
29,Legal immigrants,68,215678.62,MO
29,Native-born citizens,1839,5909780.67,MO
30,Illegal immigrants,10,5211.802901117276,MT
30,Legal immigrants,44,20905.38,MT
30,Native-born citizens,2148,1115795.29,MT
31,Illegal immigrants,92,87260.64083451216,NE
31,Legal immigrants,122,111902.41,NE
31,Native-born citizens,1679,1808798,NE
32,Illegal immigrants,154,215092.98691799078,NV
32,Legal immigrants,357,518480.71,NV
32,Native-born citizens,1632,2582082.4,NV
33,Illegal immigrants,22,20699.485123799797,NH
33,Legal immigrants,111,85798.81,NH
33,Native-born citizens,1387,1276354.35,NH
34,Illegal immigrants,149,545771.66412862,NJ
34,Legal immigrants,562,1917346.56,NJ
34,Native-born citizens,1804,6929543.16,NJ
35,Illegal immigrants,88,73538.26772668856,NM
35,Legal immigrants,208,154136.84,NM
35,Native-born citizens,2120,1897855.41,NM
36,Illegal immigrants,216,797740.5471141378,NY
36,Legal immigrants,1247,4137416.78,NY
36,Native-born citizens,3993,14694640.17,NY
37,Illegal immigrants,207,622177.2058027069,NC
37,Legal immigrants,265,717636.85,NC
37,Native-born citizens,2907,9575620.53,NC
38,Illegal immigrants,49,18302.27256604199,ND
38,Legal immigrants,61,22126.62,ND
38,Native-born citizens,1906,735326.6,ND
39,Illegal immigrants,60,232203.91030435057,OH
39,Legal immigrants,166,520290.89,OH
39,Native-born citizens,3158,10907893.01,OH
40,Illegal immigrants,73,119896.38073186671,OK
40,Legal immigrants,98,145438.87,OK
40,Native-born citizens,2048,3710638.11,OK
41,Illegal immigrants,65,106547.92650553145,OR
41,Legal immigrants,147,258926.99,OR
41,Native-born citizens,1851,3876638.89,OR
42,Illegal immigrants,81,264570.46510889265,PA
42,Legal immigrants,311,982802.5,PA
42,Native-born citizens,3295,11627590.36,PA
44,Illegal immigrants,31,31275.869080763856,RI
44,Legal immigrants,166,133267.55,RI
44,Native-born citizens,1050,955684.91,RI
45,Illegal immigrants,84,208727.13447347685,SC
45,Legal immigrants,126,263408.44,SC
45,Native-born citizens,2156,5045730.11,SC
46,Illegal immigrants,29,15567.332715954284,SD
46,Legal immigrants,32,21443.41,SD
46,Native-born citizens,1426,874655.45,SD
47,Illegal immigrants,90,282924.27345725236,TN
47,Legal immigrants,110,241252.92,TN
47,Native-born citizens,2429,6625192.61,TN
48,Illegal immigrants,724,2331543.4952987707,TX
48,Legal immigrants,1297,3727098.62,TX
48,Native-born citizens,7379,25153958.37,TX
49,Illegal immigrants,133,174562.3926456138,UT
49,Legal immigrants,158,188820.08,UT
49,Native-born citizens,2200,3151474.85,UT
50,Illegal immigrants,13,6341.571726427406,VT
50,Legal immigrants,92,34456.79,VT
50,Native-born citizens,1593,601250.25,VT
51,Illegal immigrants,115,397329.3722382414,VA
51,Legal immigrants,326,888196.47,VA
51,Native-born citizens,2261,7437007.33,VA
53,Illegal immigrants,130,362628.5440769432,WA
53,Legal immigrants,397,1021762.25,WA
53,Native-born citizens,2186,6642042.8,WA
54,Illegal immigrants,15,7813.248540518656,WV
54,Legal immigrants,48,24929.510000000002,WV
54,Native-born citizens,2786,1690702.53,WV
55,Illegal immigrants,48,137713.94875768432,WI
55,Legal immigrants,88,254839.15,WI
55,Native-born citizens,1702,5464111.89,WI
56,Illegal immigrants,15,4820.356009348337,WY
56,Legal immigrants,67,19298.81,WY
56,Native-born citizens,1732,551807.46,WY
